-- MySQL dump 10.13  Distrib 8.0.25, for macos11.3 (x86_64)
--
-- Host: localhost    Database: new_db
-- ------------------------------------------------------
-- Server version	8.0.25

/*!40101 SET @OLD_CHARACTER_SET_CLIENT=@@CHARACTER_SET_CLIENT */;
/*!40101 SET @OLD_CHARACTER_SET_RESULTS=@@CHARACTER_SET_RESULTS */;
/*!40101 SET @OLD_COLLATION_CONNECTION=@@COLLATION_CONNECTION */;
/*!50503 SET NAMES utf8mb4 */;
/*!40103 SET @OLD_TIME_ZONE=@@TIME_ZONE */;
/*!40103 SET TIME_ZONE='+00:00' */;
/*!40014 SET @OLD_UNIQUE_CHECKS=@@UNIQUE_CHECKS, UNIQUE_CHECKS=0 */;
/*!40014 SET @OLD_FOREIGN_KEY_CHECKS=@@FOREIGN_KEY_CHECKS, FOREIGN_KEY_CHECKS=0 */;
/*!40101 SET @OLD_SQL_MODE=@@SQL_MODE, SQL_MODE='NO_AUTO_VALUE_ON_ZERO' */;
/*!40111 SET @OLD_SQL_NOTES=@@SQL_NOTES, SQL_NOTES=0 */;

--
-- Table structure for table `cities`
--

DROP TABLE IF EXISTS `cities`;
/*!40101 SET @saved_cs_client     = @@character_set_client */;
/*!50503 SET character_set_client = utf8mb4 */;
CREATE TABLE `cities` (
  `id` int unsigned NOT NULL AUTO_INCREMENT,
  `name` varchar(150) CHARACTER SET utf8mb4 COLLATE utf8mb4_unicode_ci NOT NULL,
  `country_id` int unsigned DEFAULT NULL,
  PRIMARY KEY (`id`)
) ENGINE=InnoDB AUTO_INCREMENT=21 DEFAULT CHARSET=utf8mb4 COLLATE=utf8mb4_unicode_ci;
/*!40101 SET character_set_client = @saved_cs_client */;

--
-- Dumping data for table `cities`
--

LOCK TABLES `cities` WRITE;
/*!40000 ALTER TABLE `cities` DISABLE KEYS */;
INSERT INTO `cities` VALUES (1,'Port Piperfort',9),(2,'New Felton',9),(3,'West Leatha',6),(4,'East Londonburgh',2),(5,'South Amaliabury',4),(6,'Kosston',2),(7,'West Charlene',8),(8,'Flatleyfort',3),(9,'Camronfurt',2),(10,'Baumbachton',8),(11,'South Tess',6),(12,'South Lulu',6),(13,'East Cordiahaven',9),(14,'New Mauriceshire',7),(15,'Streichborough',10),(16,'New Michelle',5),(17,'Port Piperland',6),(18,'Mozellshire',3),(19,'Lake Destineyview',9),(20,'Bergemouth',3);
/*!40000 ALTER TABLE `cities` ENABLE KEYS */;
UNLOCK TABLES;

--
-- Table structure for table `communities`
--

DROP TABLE IF EXISTS `communities`;
/*!40101 SET @saved_cs_client     = @@character_set_client */;
/*!50503 SET character_set_client = utf8mb4 */;
CREATE TABLE `communities` (
  `id` int unsigned NOT NULL AUTO_INCREMENT COMMENT 'Идентификатор сроки',
  `name` varchar(150) CHARACTER SET utf8mb4 COLLATE utf8mb4_unicode_ci NOT NULL COMMENT 'Название группы',
  `created_at` datetime DEFAULT CURRENT_TIMESTAMP COMMENT 'Время создания строки',
  `updated_at` datetime DEFAULT CURRENT_TIMESTAMP ON UPDATE CURRENT_TIMESTAMP COMMENT 'Время обновления строки',
  PRIMARY KEY (`id`),
  UNIQUE KEY `name` (`name`)
) ENGINE=InnoDB AUTO_INCREMENT=51 DEFAULT CHARSET=utf8mb4 COLLATE=utf8mb4_unicode_ci COMMENT='Группы';
/*!40101 SET character_set_client = @saved_cs_client */;

--
-- Dumping data for table `communities`
--

LOCK TABLES `communities` WRITE;
/*!40000 ALTER TABLE `communities` DISABLE KEYS */;
INSERT INTO `communities` VALUES (1,'Delectus et debitis suscipit hic sequi id.','2018-05-06 03:33:45','2019-05-02 03:11:04'),(2,'Voluptatem aliquid harum eos soluta.','2011-08-16 21:09:31','2017-06-26 06:51:59'),(3,'Asperiores et sapiente qui reprehenderit hic dolor.','2014-07-06 04:25:54','2021-08-01 21:16:23'),(4,'Numquam ipsa sequi quis dolorem incidunt.','2012-06-04 10:23:56','2013-06-16 23:45:46'),(5,'Voluptates occaecati non modi deserunt aut.','2014-08-28 20:34:01','2019-01-18 01:36:52'),(6,'Dolore ipsa quibusdam quia.','2015-08-25 16:31:48','2019-12-29 22:33:55'),(7,'Expedita incidunt est earum enim atque vel illo.','2012-09-20 18:52:21','2015-03-20 21:22:22'),(8,'Similique perferendis consectetur praesentium error.','2019-01-05 14:47:53','2020-09-26 22:00:07'),(9,'Dolor quia et pariatur dolorem omnis.','2021-04-24 10:44:37','2021-08-01 21:16:23'),(10,'Assumenda non molestias quo itaque ea minus quaerat.','2018-12-28 00:01:39','2021-05-06 09:44:56');
/*!40000 ALTER TABLE `communities` ENABLE KEYS */;
UNLOCK TABLES;

--
-- Table structure for table `communities_users`
--

DROP TABLE IF EXISTS `communities_users`;
/*!40101 SET @saved_cs_client     = @@character_set_client */;
/*!50503 SET character_set_client = utf8mb4 */;
CREATE TABLE `communities_users` (
  `community_id` int unsigned NOT NULL COMMENT 'Ссылка на группу',
  `user_id` int unsigned NOT NULL COMMENT 'Ссылка на пользователя',
  `created_at` datetime DEFAULT CURRENT_TIMESTAMP COMMENT 'Время создания строки',
  PRIMARY KEY (`community_id`,`user_id`) COMMENT 'Составной первичный ключ'
) ENGINE=InnoDB DEFAULT CHARSET=utf8mb4 COLLATE=utf8mb4_unicode_ci COMMENT='Участники групп, связь между пользователями и группами';
/*!40101 SET character_set_client = @saved_cs_client */;

--
-- Dumping data for table `communities_users`
--

LOCK TABLES `communities_users` WRITE;
/*!40000 ALTER TABLE `communities_users` DISABLE KEYS */;
INSERT INTO `communities_users` VALUES (1,10,'2014-04-24 12:52:35'),(1,14,'2014-04-21 22:47:32'),(1,15,'2012-04-07 07:11:20'),(1,19,'2012-04-13 13:09:32'),(1,21,'2015-06-28 13:12:57'),(1,50,'2019-11-23 09:15:00'),(1,56,'2020-06-19 01:03:37'),(1,75,'2013-08-01 19:06:08'),(1,90,'2014-11-06 20:51:59'),(2,5,'2011-12-05 22:49:53'),(2,6,'2014-08-07 12:37:05'),(2,24,'2020-04-18 06:37:27'),(2,26,'2018-10-03 05:04:06'),(2,27,'2013-02-14 06:14:50'),(2,32,'2019-03-26 18:10:57'),(2,36,'2016-08-10 13:41:38'),(2,38,'2020-03-11 06:22:06'),(2,57,'2015-03-10 06:45:00'),(2,78,'2019-02-11 05:43:21'),(2,84,'2017-11-16 02:53:26'),(2,86,'2020-02-09 04:16:49'),(2,87,'2014-06-18 23:47:05'),(2,88,'2020-08-11 16:24:31'),(2,98,'2020-12-27 14:40:02'),(2,100,'2013-08-26 08:10:05'),(3,8,'2016-05-16 18:03:35'),(3,34,'2015-11-11 00:10:09'),(3,39,'2015-08-29 15:18:36'),(3,42,'2016-11-09 11:52:31'),(3,59,'2019-04-17 03:03:41'),(3,63,'2016-07-12 11:14:49'),(4,28,'2020-02-05 10:31:27'),(4,43,'2017-10-17 19:38:23'),(4,54,'2021-07-19 16:52:36'),(4,71,'2011-11-06 19:55:37'),(4,80,'2019-04-22 02:51:00'),(4,94,'2013-06-17 12:51:57'),(5,9,'2012-02-10 00:57:14'),(5,12,'2011-10-02 18:55:24'),(5,17,'2017-09-03 05:03:41'),(5,18,'2013-06-24 19:03:59'),(5,49,'2019-12-09 08:46:36'),(5,64,'2016-08-08 14:17:33'),(5,68,'2014-02-04 17:02:38'),(5,96,'2020-03-24 08:35:13'),(6,2,'2015-04-08 17:21:34'),(6,3,'2021-03-03 20:00:55'),(6,22,'2015-10-30 14:55:17'),(6,37,'2012-07-05 16:07:13'),(6,77,'2017-04-25 01:59:55'),(6,92,'2017-04-12 00:20:27'),(6,95,'2020-05-28 23:00:18'),(6,97,'2015-09-06 09:06:47'),(7,23,'2014-05-23 18:19:48'),(7,29,'2012-12-14 00:50:46'),(7,30,'2018-08-06 16:37:32'),(7,35,'2014-06-18 07:00:31'),(7,52,'2020-07-03 06:39:11'),(7,58,'2011-12-14 22:04:37'),(7,60,'2013-03-20 13:56:02'),(7,73,'2020-04-16 22:42:12'),(7,81,'2011-07-29 23:36:48'),(7,99,'2015-04-15 11:19:40'),(8,1,'2021-06-16 01:32:31'),(8,13,'2021-06-06 16:04:54'),(8,16,'2020-02-18 16:09:27'),(8,25,'2016-05-03 02:01:54'),(8,31,'2020-02-25 15:17:45'),(8,40,'2014-02-25 05:24:59'),(8,46,'2015-08-14 12:00:18'),(8,48,'2015-02-06 20:39:42'),(8,51,'2013-06-02 00:46:19'),(8,66,'2019-07-18 14:37:03'),(8,76,'2020-06-18 03:10:10'),(8,83,'2015-12-12 22:43:51'),(8,85,'2011-07-29 17:34:51'),(8,93,'2020-12-31 01:42:42'),(9,4,'2019-05-15 22:09:48'),(9,7,'2019-12-05 10:22:17'),(9,20,'2021-07-10 03:28:04'),(9,33,'2016-02-09 13:13:14'),(9,61,'2014-06-21 14:28:36'),(9,62,'2015-11-21 18:51:28'),(9,69,'2017-06-26 17:23:37'),(9,72,'2016-09-20 22:10:43'),(9,74,'2019-06-26 16:24:47'),(9,82,'2020-02-29 22:58:09'),(9,89,'2014-03-18 15:23:23'),(9,91,'2020-11-09 09:14:10'),(10,11,'2014-01-04 11:11:32'),(10,41,'2015-06-24 12:32:50'),(10,44,'2015-09-30 05:19:07'),(10,45,'2013-06-26 15:34:48'),(10,47,'2015-07-24 00:08:37'),(10,53,'2013-07-01 12:13:00'),(10,55,'2011-11-23 15:38:38'),(10,65,'2016-04-26 21:31:34'),(10,67,'2019-01-27 02:12:22'),(10,70,'2021-03-14 08:59:44'),(10,79,'2016-08-08 17:37:53');
/*!40000 ALTER TABLE `communities_users` ENABLE KEYS */;
UNLOCK TABLES;

--
-- Table structure for table `countries`
--

DROP TABLE IF EXISTS `countries`;
/*!40101 SET @saved_cs_client     = @@character_set_client */;
/*!50503 SET character_set_client = utf8mb4 */;
CREATE TABLE `countries` (
  `id` int unsigned NOT NULL AUTO_INCREMENT,
  `name` varchar(150) CHARACTER SET utf8mb4 COLLATE utf8mb4_unicode_ci NOT NULL,
  PRIMARY KEY (`id`)
) ENGINE=InnoDB AUTO_INCREMENT=11 DEFAULT CHARSET=utf8mb4 COLLATE=utf8mb4_unicode_ci;
/*!40101 SET character_set_client = @saved_cs_client */;

--
-- Dumping data for table `countries`
--

LOCK TABLES `countries` WRITE;
/*!40000 ALTER TABLE `countries` DISABLE KEYS */;
INSERT INTO `countries` VALUES (1,'Guatemala'),(2,'Netherlands'),(3,'Afghanistan'),(4,'Iran'),(5,'Peru'),(6,'France'),(7,'Niger'),(8,'Romania'),(9,'Turkmenistan'),(10,'Equatorial Guinea');
/*!40000 ALTER TABLE `countries` ENABLE KEYS */;
UNLOCK TABLES;

--
-- Table structure for table `friendship`
--

DROP TABLE IF EXISTS `friendship`;
/*!40101 SET @saved_cs_client     = @@character_set_client */;
/*!50503 SET character_set_client = utf8mb4 */;
CREATE TABLE `friendship` (
  `user_id` int unsigned NOT NULL COMMENT 'Ссылка на инициатора дружеских отношений',
  `friend_id` int unsigned NOT NULL COMMENT 'Ссылка на получателя приглашения дружить',
  `friendship_status_id` int unsigned NOT NULL COMMENT 'Ссылка на статус (текущее состояние) отношений',
  `confirmed_at` datetime DEFAULT NULL COMMENT 'Время подтверждения приглашения',
  `created_at` datetime DEFAULT CURRENT_TIMESTAMP COMMENT 'Время создания строки',
  `updated_at` datetime DEFAULT CURRENT_TIMESTAMP ON UPDATE CURRENT_TIMESTAMP COMMENT 'Время обновления строки',
  PRIMARY KEY (`user_id`,`friend_id`) COMMENT 'Составной первичный ключ'
) ENGINE=InnoDB DEFAULT CHARSET=utf8mb4 COLLATE=utf8mb4_unicode_ci COMMENT='Таблица дружбы';
/*!40101 SET character_set_client = @saved_cs_client */;

--
-- Dumping data for table `friendship`
--

LOCK TABLES `friendship` WRITE;
/*!40000 ALTER TABLE `friendship` DISABLE KEYS */;
INSERT INTO `friendship` VALUES (1,8,2,'2016-06-06 16:28:46','2020-12-17 07:14:16','2021-08-02 19:09:43'),(1,9,1,'2013-08-03 18:33:51','2021-07-12 02:48:17','2021-08-02 19:09:43'),(2,18,3,'2020-02-25 22:16:30','2021-05-14 00:35:35','2021-08-02 19:09:43'),(2,27,2,'2014-08-01 22:27:08','2021-06-12 16:53:08','2021-08-02 19:09:43'),(2,38,1,'2013-04-11 07:50:17','2020-09-05 16:52:14','2021-08-02 19:09:43'),(4,29,3,'2019-05-31 21:47:07','2021-04-28 07:31:19','2021-08-02 19:09:43'),(6,12,3,'2016-12-18 12:26:52','2021-06-11 05:15:21','2021-08-02 19:09:43'),(8,95,3,'2012-01-31 07:06:38','2021-02-05 00:48:52','2021-08-02 19:09:43'),(9,4,1,'2020-05-05 12:42:33','2021-05-25 01:57:42','2021-08-02 19:09:43'),(11,51,3,'2012-06-17 16:13:34','2021-02-15 07:25:40','2021-08-02 19:07:58'),(13,86,3,'2014-06-01 09:45:49','2020-11-22 19:08:16','2021-08-02 19:07:58'),(14,19,1,'2018-12-08 16:22:08','2020-12-09 13:54:00','2021-08-02 19:09:43'),(15,30,3,'2017-05-11 02:40:06','2021-05-25 12:12:30','2021-08-02 19:09:43'),(16,44,3,'2012-08-31 14:56:42','2020-08-03 10:09:25','2021-08-02 19:09:43'),(19,4,1,'2020-10-10 01:14:52','2021-06-29 12:38:27','2021-08-02 19:09:43'),(19,73,1,'2020-05-03 04:33:56','2021-07-19 07:20:12','2021-08-02 19:09:43'),(20,49,3,'2018-04-27 09:15:53','2021-01-21 15:17:10','2021-08-02 19:09:43'),(20,66,3,'2017-01-17 01:36:20','2020-11-19 07:18:09','2021-08-02 19:07:58'),(20,88,2,'2019-06-20 23:01:35','2020-09-23 17:02:00','2021-08-02 19:07:58'),(21,31,3,'2021-05-05 18:18:06','2020-09-29 18:30:06','2021-08-02 19:09:43'),(21,39,1,'2012-05-19 07:35:18','2021-03-06 11:40:13','2021-08-02 19:07:58'),(21,69,3,'2018-10-01 23:13:45','2021-03-24 23:59:28','2021-08-02 19:09:43'),(23,16,3,'2018-04-14 12:05:24','2020-11-14 15:43:30','2021-08-02 19:09:43'),(23,51,3,'2015-01-16 16:52:17','2021-05-25 04:24:26','2021-08-02 19:07:58'),(23,99,3,'2014-09-08 22:59:39','2020-12-06 12:40:38','2021-08-02 19:09:43'),(24,60,2,'2012-12-15 12:06:37','2021-01-14 19:58:21','2021-08-02 19:09:43'),(25,44,1,'2017-02-20 19:06:15','2020-12-13 10:45:04','2021-08-02 19:09:43'),(25,50,1,'2011-10-17 06:53:14','2021-07-14 00:27:55','2021-08-02 19:09:43'),(27,52,3,'2016-01-21 14:41:54','2020-09-29 23:51:08','2021-08-02 19:09:43'),(27,56,1,'2016-07-25 23:28:32','2021-04-17 18:01:48','2021-08-02 19:09:43'),(28,9,3,'2014-11-23 23:46:12','2021-04-20 01:58:16','2021-08-02 19:09:43'),(28,44,2,'2016-04-20 05:24:24','2021-04-11 14:47:15','2021-08-02 19:09:43'),(29,53,1,'2015-09-27 06:23:53','2021-01-07 11:06:32','2021-08-02 19:09:43'),(29,63,3,'2015-11-07 00:24:28','2020-09-12 23:47:12','2021-08-02 19:09:43'),(31,36,1,'2020-09-14 19:48:22','2021-04-14 07:05:16','2021-08-02 19:09:43'),(33,29,1,'2014-11-03 23:43:29','2020-07-30 01:25:18','2021-08-02 19:07:58'),(34,82,3,'2015-02-19 07:27:46','2021-03-11 03:07:24','2021-08-02 19:09:43'),(35,44,2,'2017-08-06 17:25:45','2020-08-05 04:33:22','2021-08-02 19:07:58'),(37,87,1,'2011-08-25 09:00:42','2021-05-12 21:43:10','2021-08-02 19:09:43'),(38,32,3,'2016-12-03 20:01:57','2020-09-19 16:13:30','2021-08-02 19:07:58'),(38,51,2,'2013-06-21 03:55:43','2021-06-22 16:07:26','2021-08-02 19:07:58'),(38,63,1,'2020-06-07 07:34:52','2021-02-11 14:40:45','2021-08-02 19:09:43'),(38,82,3,'2016-01-28 20:07:07','2020-08-30 08:51:55','2021-08-02 19:09:43'),(39,24,2,'2013-01-28 10:34:06','2021-05-01 01:35:12','2021-08-02 19:07:58'),(39,60,1,'2020-11-07 07:27:17','2020-12-24 07:42:04','2021-08-02 19:09:43'),(41,32,3,'2021-03-24 18:55:03','2021-04-17 12:38:15','2021-08-02 19:09:43'),(41,48,2,'2020-01-16 23:35:20','2020-08-20 04:02:42','2021-08-02 19:09:43'),(41,53,3,'2018-04-16 07:42:25','2020-09-02 01:53:55','2021-08-02 19:09:43'),(41,79,3,'2017-04-01 20:02:37','2020-08-17 02:32:40','2021-08-02 19:09:43'),(41,89,3,'2018-04-05 04:07:22','2020-12-04 06:34:04','2021-08-02 19:07:58'),(43,22,2,'2012-03-13 03:42:28','2021-06-17 02:15:01','2021-08-02 19:09:43'),(46,40,3,'2012-11-28 04:39:27','2021-06-27 03:30:23','2021-08-02 19:09:43'),(47,1,3,'2019-02-11 03:09:21','2020-12-28 11:52:00','2021-08-02 19:09:43'),(48,57,1,'2016-11-02 00:27:53','2021-03-15 02:53:38','2021-08-02 19:09:43'),(51,74,2,'2012-05-23 23:24:52','2021-06-01 06:56:45','2021-08-02 19:09:43'),(53,14,1,'2013-08-02 04:51:24','2021-06-21 21:20:41','2021-08-02 19:09:43'),(54,96,3,'2015-06-21 15:51:53','2020-07-27 09:34:39','2021-08-02 19:09:43'),(55,57,2,'2014-08-16 07:25:59','2021-01-28 21:21:19','2021-08-02 19:09:43'),(55,77,3,'2020-01-19 08:56:03','2021-02-24 23:46:56','2021-08-02 19:09:43'),(60,59,3,'2016-10-10 00:34:58','2021-04-24 05:45:50','2021-08-02 19:09:43'),(61,74,2,'2018-09-20 15:03:13','2020-12-30 08:01:33','2021-08-02 19:07:58'),(62,97,3,'2017-01-23 10:41:39','2020-10-04 17:55:19','2021-08-02 19:09:43'),(63,86,1,'2011-10-04 11:30:03','2021-01-20 01:57:19','2021-08-02 19:09:43'),(64,15,1,'2016-08-18 12:43:54','2020-10-21 07:08:31','2021-08-02 19:07:58'),(65,1,1,'2014-11-29 04:08:02','2020-08-28 14:57:55','2021-08-02 19:09:43'),(68,6,3,'2021-05-30 03:31:02','2021-01-31 06:22:46','2021-08-02 19:09:43'),(69,45,2,'2012-09-10 08:09:21','2020-11-05 04:32:00','2021-08-02 19:09:43'),(70,33,2,'2020-01-16 06:09:30','2021-05-30 10:39:58','2021-08-02 19:07:58'),(71,93,1,'2012-05-14 12:25:03','2020-08-22 23:36:35','2021-08-02 19:07:58'),(74,39,2,'2012-03-03 18:50:52','2020-08-27 15:28:28','2021-08-02 19:09:43'),(76,24,2,'2014-05-03 06:56:49','2021-05-02 16:31:26','2021-08-02 19:09:43'),(77,21,2,'2018-05-29 00:51:53','2021-02-24 10:29:31','2021-08-02 19:09:43'),(77,22,1,'2012-11-27 20:17:25','2021-06-11 20:20:40','2021-08-02 19:09:43'),(77,32,2,'2018-09-07 17:50:52','2021-05-25 01:17:33','2021-08-02 19:09:43'),(79,28,3,'2016-04-06 02:02:20','2020-12-14 09:20:40','2021-08-02 19:09:43'),(80,39,1,'2020-06-27 03:42:28','2021-05-10 21:56:08','2021-08-02 19:09:43'),(80,93,2,'2016-06-27 02:32:40','2020-10-19 01:15:14','2021-08-02 19:09:43'),(81,86,2,'2012-05-22 06:24:19','2020-12-15 11:24:35','2021-08-02 19:07:58'),(82,29,1,'2017-04-09 10:40:51','2021-02-09 17:37:40','2021-08-02 19:09:43'),(82,57,3,'2020-03-25 16:16:06','2020-08-26 19:54:11','2021-08-02 19:09:43'),(82,94,2,'2015-03-07 03:10:57','2020-10-01 23:46:54','2021-08-02 19:07:58'),(83,68,2,'2016-11-24 12:45:12','2021-04-26 11:39:06','2021-08-02 19:09:43'),(85,76,2,'2014-03-05 15:34:22','2020-08-20 21:43:46','2021-08-02 19:09:43'),(87,79,2,'2014-10-21 18:02:33','2020-08-21 05:41:50','2021-08-02 19:07:58'),(87,80,1,'2011-07-26 20:33:38','2021-07-08 01:50:28','2021-08-02 19:09:43'),(88,58,3,'2016-03-15 07:43:42','2021-04-06 09:11:34','2021-08-02 19:09:43'),(89,84,1,'2014-09-05 13:31:49','2020-09-25 17:43:17','2021-08-02 19:09:43'),(90,25,2,'2019-07-09 11:00:23','2021-07-03 13:27:12','2021-08-02 19:09:43'),(90,38,2,'2014-04-15 19:35:17','2020-11-22 21:54:08','2021-08-02 19:07:58'),(91,51,3,'2012-01-28 11:17:14','2020-09-21 15:06:43','2021-08-02 19:09:43'),(92,3,1,'2018-05-20 20:30:50','2020-12-14 20:56:21','2021-08-02 19:09:43'),(92,47,3,'2018-02-01 10:57:34','2021-07-20 15:28:37','2021-08-02 19:09:43'),(93,21,1,'2012-04-03 18:15:19','2021-02-26 20:12:33','2021-08-02 19:07:58'),(93,72,2,'2016-04-04 07:56:00','2021-06-12 03:49:22','2021-08-02 19:09:43'),(93,94,1,'2016-07-17 18:11:17','2021-03-25 11:22:32','2021-08-02 19:09:43'),(95,9,2,'2019-03-30 09:41:49','2020-10-29 07:54:06','2021-08-02 19:07:58'),(97,98,3,'2017-06-27 20:04:49','2021-01-01 10:32:56','2021-08-02 19:07:58'),(98,99,1,'2016-02-10 00:01:18','2021-07-21 08:51:59','2021-08-02 19:09:43');
/*!40000 ALTER TABLE `friendship` ENABLE KEYS */;
UNLOCK TABLES;

--
-- Table structure for table `friendship_statuses`
--

DROP TABLE IF EXISTS `friendship_statuses`;
/*!40101 SET @saved_cs_client     = @@character_set_client */;
/*!50503 SET character_set_client = utf8mb4 */;
CREATE TABLE `friendship_statuses` (
  `id` int unsigned NOT NULL AUTO_INCREMENT COMMENT 'Идентификатор строки',
  `name` varchar(150) CHARACTER SET utf8mb4 COLLATE utf8mb4_unicode_ci NOT NULL COMMENT 'Название статуса',
  `created_at` datetime DEFAULT CURRENT_TIMESTAMP COMMENT 'Время создания строки',
  `updated_at` datetime DEFAULT CURRENT_TIMESTAMP ON UPDATE CURRENT_TIMESTAMP COMMENT 'Время обновления строки',
  PRIMARY KEY (`id`),
  UNIQUE KEY `name` (`name`)
) ENGINE=InnoDB AUTO_INCREMENT=4 DEFAULT CHARSET=utf8mb4 COLLATE=utf8mb4_unicode_ci COMMENT='Статусы дружбы';
/*!40101 SET character_set_client = @saved_cs_client */;

--
-- Dumping data for table `friendship_statuses`
--

LOCK TABLES `friendship_statuses` WRITE;
/*!40000 ALTER TABLE `friendship_statuses` DISABLE KEYS */;
INSERT INTO `friendship_statuses` VALUES (1,'Requested','2021-08-02 19:09:18','2021-08-02 19:09:18'),(2,'Confirmed','2021-08-02 19:09:18','2021-08-02 19:09:18'),(3,'Rejected','2021-08-02 19:09:18','2021-08-02 19:09:18');
/*!40000 ALTER TABLE `friendship_statuses` ENABLE KEYS */;
UNLOCK TABLES;

--
-- Table structure for table `media`
--

DROP TABLE IF EXISTS `media`;
/*!40101 SET @saved_cs_client     = @@character_set_client */;
/*!50503 SET character_set_client = utf8mb4 */;
CREATE TABLE `media` (
  `id` int unsigned NOT NULL AUTO_INCREMENT COMMENT 'Идентификатор строки',
  `user_id` int unsigned NOT NULL COMMENT 'Ссылка на пользователя, который загрузил файл',
  `filename` varchar(255) CHARACTER SET utf8mb4 COLLATE utf8mb4_unicode_ci NOT NULL COMMENT 'Путь к файлу',
  `size` int NOT NULL COMMENT 'Размер файла',
  `metadata` json DEFAULT NULL,
  `media_type_id` int unsigned NOT NULL COMMENT 'Ссылка на тип контента',
  `created_at` datetime DEFAULT CURRENT_TIMESTAMP COMMENT 'Время создания строки',
  `updated_at` datetime DEFAULT CURRENT_TIMESTAMP ON UPDATE CURRENT_TIMESTAMP COMMENT 'Время обновления строки',
  PRIMARY KEY (`id`)
) ENGINE=InnoDB AUTO_INCREMENT=101 DEFAULT CHARSET=utf8mb4 COLLATE=utf8mb4_unicode_ci COMMENT='Медиафайлы';
/*!40101 SET character_set_client = @saved_cs_client */;

--
-- Dumping data for table `media`
--

LOCK TABLES `media` WRITE;
/*!40000 ALTER TABLE `media` DISABLE KEYS */;
INSERT INTO `media` VALUES (1,74,'https://dropbox.net/vk/Quas veritatis aut.avi',303281,'{\"owner\": \"Rosina Gutkowski\"}',3,'2020-09-07 07:36:02','2021-08-02 19:06:46'),(2,82,'https://dropbox.net/vk/Quisquam qui velit.mp3',184258,'{\"owner\": \"Marquis Renner\"}',2,'2020-11-20 18:48:00','2021-08-02 19:06:46'),(3,85,'https://dropbox.net/vk/Temporibus sequi iste.avi',1001447,'{\"owner\": \"Karley Russel\"}',2,'2020-12-13 23:47:45','2021-08-02 19:06:46'),(4,82,'https://dropbox.net/vk/Nemo earum.avi',444461,'{\"owner\": \"Marquis Renner\"}',3,'2020-09-06 11:14:15','2021-08-02 19:06:46'),(5,52,'https://dropbox.net/vk/Quidem esse nesciunt.mpeg4',207964,'{\"owner\": \"Clint Rogahn\"}',1,'2021-03-31 16:08:32','2021-08-02 19:06:46'),(6,16,'https://dropbox.net/vk/Earum ratione quas.mp3',696436,'{\"owner\": \"Alexa Kub\"}',3,'2021-01-02 03:41:57','2021-08-02 19:06:46'),(7,22,'https://dropbox.net/vk/Corporis laudantium fuga.avi',848292,'{\"owner\": \"Jacinthe Beatty\"}',2,'2021-03-28 22:14:17','2021-08-02 19:06:46'),(8,60,'https://dropbox.net/vk/Incidunt veritatis.avi',142152,'{\"owner\": \"Hulda Hayes\"}',3,'2021-02-10 07:26:29','2021-08-02 19:06:46'),(9,36,'https://dropbox.net/vk/Amet officiis non.mpeg4',155883,'{\"owner\": \"Myriam Gorczany\"}',2,'2021-04-13 18:35:22','2021-08-02 19:05:30'),(10,97,'https://dropbox.net/vk/Possimus culpa.png',342960,'{\"owner\": \"Angus Sawayn\"}',2,'2021-01-30 14:31:59','2021-08-02 19:06:46'),(11,76,'https://dropbox.net/vk/Aut sapiente et.png',237153,'{\"owner\": \"Giovanna Considine\"}',1,'2021-05-30 17:16:28','2021-08-02 19:06:46'),(12,91,'https://dropbox.net/vk/Aut assumenda eum.mpeg4',146883,'{\"owner\": \"Karson Hagenes\"}',3,'2021-01-25 08:41:41','2021-08-02 19:06:46'),(13,25,'https://dropbox.net/vk/A et pariatur.mp3',12956,'{\"owner\": \"Kenya Weimann\"}',3,'2021-04-05 15:05:07','2021-08-02 19:05:30'),(14,50,'https://dropbox.net/vk/Sed suscipit non.mp3',614132,'{\"owner\": \"Christa Nikolaus\"}',3,'2021-03-27 01:22:58','2021-08-02 19:06:46'),(15,77,'https://dropbox.net/vk/Debitis necessitatibus.avi',21793,'{\"owner\": \"Bernhard Witting\"}',3,'2021-04-23 05:37:17','2021-08-02 19:06:46'),(16,32,'https://dropbox.net/vk/Perferendis quia optio.png',256570,'{\"owner\": \"Emile Kovacek\"}',1,'2021-01-23 20:53:56','2021-08-02 19:06:46'),(17,30,'https://dropbox.net/vk/Perspiciatis ex.png',207472,'{\"owner\": \"Annamarie Fay\"}',2,'2021-01-03 10:38:32','2021-08-02 19:05:30'),(18,55,'https://dropbox.net/vk/A cupiditate.mp3',257652,'{\"owner\": \"Franco Walker\"}',2,'2021-03-15 14:17:46','2021-08-02 19:06:46'),(19,82,'https://dropbox.net/vk/Vel sapiente nisi.mp3',655842,'{\"owner\": \"Marquis Renner\"}',3,'2021-03-22 21:06:04','2021-08-02 19:06:46'),(20,45,'https://dropbox.net/vk/Sapiente temporibus voluptatibus.mpeg4',496256,'{\"owner\": \"Kris Eichmann\"}',1,'2021-02-13 04:32:36','2021-08-02 19:06:46'),(21,80,'https://dropbox.net/vk/Alias veniam reprehenderit.png',503754,'{\"owner\": \"Sasha Ryan\"}',2,'2020-11-05 03:45:13','2021-08-02 19:06:46'),(22,63,'https://dropbox.net/vk/Non incidunt explicabo.avi',20004,'{\"owner\": \"Geovany Littel\"}',2,'2020-08-05 21:25:45','2021-08-02 19:04:00'),(23,73,'https://dropbox.net/vk/Sed autem.mpeg4',578759,'{\"owner\": \"Schuyler O\'Kon\"}',3,'2021-04-18 03:35:55','2021-08-02 19:06:46'),(24,77,'https://dropbox.net/vk/Quis reiciendis sit.png',823782,'{\"owner\": \"Bernhard Witting\"}',1,'2020-11-23 09:38:59','2021-08-02 19:06:46'),(25,63,'https://dropbox.net/vk/Veniam reprehenderit doloribus.png',372634,'{\"owner\": \"Geovany Littel\"}',2,'2020-11-24 13:35:31','2021-08-02 19:05:30'),(26,87,'https://dropbox.net/vk/Quis ut id.png',381824,'{\"owner\": \"Ona Mraz\"}',1,'2021-05-30 05:15:49','2021-08-02 19:06:46'),(27,45,'https://dropbox.net/vk/Suscipit reiciendis.mpeg4',781220,'{\"owner\": \"Kris Eichmann\"}',2,'2020-08-21 07:30:28','2021-08-02 19:06:46'),(28,65,'https://dropbox.net/vk/Minus architecto.mp3',750628,'{\"owner\": \"Kyler Runolfsson\"}',1,'2021-01-19 13:51:08','2021-08-02 19:06:46'),(29,88,'https://dropbox.net/vk/Hic repellat.mp3',399479,'{\"owner\": \"Mortimer Sporer\"}',3,'2021-06-21 16:12:27','2021-08-02 19:06:46'),(30,45,'https://dropbox.net/vk/Impedit quia.avi',735511,'{\"owner\": \"Kris Eichmann\"}',3,'2020-07-24 12:51:41','2021-08-02 19:05:30'),(31,59,'https://dropbox.net/vk/Et illum.mpeg4',469118,'{\"owner\": \"Xzavier Kuhn\"}',2,'2020-08-21 22:13:52','2021-08-02 19:05:30'),(32,62,'https://dropbox.net/vk/Et ut.mpeg4',129059,'{\"owner\": \"Carolina Luettgen\"}',3,'2021-01-08 15:47:33','2021-08-02 19:06:46'),(33,33,'https://dropbox.net/vk/Hic doloribus dolore.png',227940,'{\"owner\": \"Rod Mills\"}',3,'2021-01-06 23:55:38','2021-08-02 19:05:30'),(34,79,'https://dropbox.net/vk/Quisquam animi quis.mp3',742524,'{\"owner\": \"Reanna Tromp\"}',1,'2020-07-23 22:03:06','2021-08-02 19:06:46'),(35,92,'https://dropbox.net/vk/Maxime recusandae.mpeg4',18801,'{\"owner\": \"Cordia Treutel\"}',3,'2021-03-22 15:45:50','2021-08-02 19:06:46'),(36,26,'https://dropbox.net/vk/Omnis consectetur.png',856435,'{\"owner\": \"Tess Little\"}',2,'2020-07-25 06:46:38','2021-08-02 19:06:46'),(37,53,'https://dropbox.net/vk/Culpa beatae.mp3',215772,'{\"owner\": \"Tiana Toy\"}',3,'2020-10-26 18:18:40','2021-08-02 19:06:46'),(38,85,'https://dropbox.net/vk/Eaque velit officia.mpeg4',499554,'{\"owner\": \"Karley Russel\"}',3,'2021-03-22 09:28:33','2021-08-02 19:05:30'),(39,68,'https://dropbox.net/vk/Totam cumque.mpeg4',840457,'{\"owner\": \"Freeda Von\"}',2,'2021-02-02 22:54:41','2021-08-02 19:05:30'),(40,83,'https://dropbox.net/vk/Labore sint.png',693622,'{\"owner\": \"Jeffery Connelly\"}',3,'2020-12-03 15:03:32','2021-08-02 19:06:46'),(41,13,'https://dropbox.net/vk/Tempora dolor.png',936740,'{\"owner\": \"Rudolph White\"}',2,'2021-03-16 18:53:43','2021-08-02 19:05:30'),(42,13,'https://dropbox.net/vk/Atque deserunt.mpeg4',592835,'{\"owner\": \"Rudolph White\"}',3,'2021-03-13 12:41:45','2021-08-02 19:06:46'),(43,26,'https://dropbox.net/vk/Sed maiores.png',143956,'{\"owner\": \"Tess Little\"}',2,'2021-05-27 07:46:30','2021-08-02 19:06:46'),(44,89,'https://dropbox.net/vk/Alias corporis.png',931276,'{\"owner\": \"Randall Flatley\"}',3,'2021-04-13 10:23:43','2021-08-02 19:05:30'),(45,68,'https://dropbox.net/vk/Itaque ea.avi',214511,'{\"owner\": \"Freeda Von\"}',2,'2020-12-01 16:19:49','2021-08-02 19:06:46'),(46,72,'https://dropbox.net/vk/Illo in voluptas.mp3',268729,'{\"owner\": \"Russell Becker\"}',3,'2020-11-27 10:43:12','2021-08-02 19:06:46'),(47,55,'https://dropbox.net/vk/Iste nihil possimus.mpeg4',690111,'{\"owner\": \"Franco Walker\"}',3,'2020-10-08 06:45:29','2021-08-02 19:06:46'),(48,59,'https://dropbox.net/vk/Est nihil voluptatem.mpeg4',634371,'{\"owner\": \"Xzavier Kuhn\"}',1,'2021-06-24 23:19:17','2021-08-02 19:06:46'),(49,29,'https://dropbox.net/vk/Quibusdam repellat asperiores.png',91522,'{\"owner\": \"Brady Padberg\"}',2,'2020-09-26 07:17:30','2021-08-02 19:06:46'),(50,66,'https://dropbox.net/vk/Incidunt distinctio qui.avi',544498,'{\"owner\": \"Eva Nolan\"}',2,'2020-11-29 00:03:47','2021-08-02 19:06:46'),(51,44,'https://dropbox.net/vk/Qui ut quia.png',437925,'{\"owner\": \"Susan Dickens\"}',1,'2020-11-30 02:51:04','2021-08-02 19:06:46'),(52,22,'https://dropbox.net/vk/Odit voluptatem tempora.mp3',546131,'{\"owner\": \"Jacinthe Beatty\"}',1,'2020-09-02 14:10:29','2021-08-02 19:06:46'),(53,77,'https://dropbox.net/vk/Dolorem exercitationem veritatis.png',406880,'{\"owner\": \"Bernhard Witting\"}',2,'2020-08-20 11:07:10','2021-08-02 19:06:46'),(54,20,'https://dropbox.net/vk/Inventore labore.avi',386009,'{\"owner\": \"Florencio Lebsack\"}',3,'2020-09-24 11:19:02','2021-08-02 19:06:46'),(55,68,'https://dropbox.net/vk/Est optio rerum.png',699403,'{\"owner\": \"Freeda Von\"}',1,'2020-10-27 17:01:58','2021-08-02 19:06:46'),(56,78,'https://dropbox.net/vk/Vero sit impedit.mpeg4',328991,'{\"owner\": \"Efren Waelchi\"}',3,'2021-02-09 20:31:15','2021-08-02 19:06:46'),(57,86,'https://dropbox.net/vk/Tempore et et.mpeg4',536744,'{\"owner\": \"Skye Hintz\"}',3,'2020-08-28 02:20:28','2021-08-02 19:06:46'),(58,96,'https://dropbox.net/vk/Reiciendis necessitatibus.png',686747,'{\"owner\": \"Melvina Nicolas\"}',2,'2021-03-12 06:44:16','2021-08-02 19:06:46'),(59,23,'https://dropbox.net/vk/Harum libero.avi',813505,'{\"owner\": \"Gregg Pouros\"}',2,'2020-11-04 17:14:12','2021-08-02 19:06:46'),(60,24,'https://dropbox.net/vk/Quia corporis magnam.avi',997286,'{\"owner\": \"Yolanda Krajcik\"}',3,'2021-05-14 01:42:05','2021-08-02 19:06:46'),(61,52,'https://dropbox.net/vk/Culpa quisquam earum.png',535916,'{\"owner\": \"Clint Rogahn\"}',2,'2021-07-10 04:17:45','2021-08-02 19:06:46'),(62,85,'https://dropbox.net/vk/Labore commodi.avi',677722,'{\"owner\": \"Karley Russel\"}',2,'2021-04-26 03:43:44','2021-08-02 19:04:00'),(63,70,'https://dropbox.net/vk/Deserunt laudantium.mpeg4',770863,'{\"owner\": \"Charley Waters\"}',3,'2020-09-05 20:28:48','2021-08-02 19:06:46'),(64,96,'https://dropbox.net/vk/Est eum quisquam.png',811151,'{\"owner\": \"Melvina Nicolas\"}',2,'2021-01-02 14:16:36','2021-08-02 19:06:46'),(65,68,'https://dropbox.net/vk/Sit pariatur ab.avi',733163,'{\"owner\": \"Freeda Von\"}',3,'2020-11-23 11:23:23','2021-08-02 19:06:46'),(66,51,'https://dropbox.net/vk/Iusto non inventore.avi',222365,'{\"owner\": \"Jimmy Harber\"}',3,'2021-02-18 10:00:52','2021-08-02 19:06:46'),(67,49,'https://dropbox.net/vk/Eos nostrum illo.mp3',902336,'{\"owner\": \"Shawn Stoltenberg\"}',1,'2020-11-08 16:56:06','2021-08-02 19:06:46'),(68,94,'https://dropbox.net/vk/Velit laboriosam sit.png',834587,'{\"owner\": \"Robert Dickinson\"}',2,'2021-02-10 15:49:19','2021-08-02 19:06:46'),(69,20,'https://dropbox.net/vk/Animi soluta.mpeg4',455925,'{\"owner\": \"Florencio Lebsack\"}',1,'2021-07-11 14:13:55','2021-08-02 19:06:46'),(70,20,'https://dropbox.net/vk/Perspiciatis mollitia odio.png',765867,'{\"owner\": \"Florencio Lebsack\"}',2,'2021-07-14 00:08:32','2021-08-02 19:06:46'),(71,40,'https://dropbox.net/vk/Laborum commodi accusantium.avi',451560,'{\"owner\": \"Keeley Vandervort\"}',3,'2021-04-16 07:59:37','2021-08-02 19:04:00'),(72,40,'https://dropbox.net/vk/Et rerum mollitia.mp3',950200,'{\"owner\": \"Keeley Vandervort\"}',3,'2020-11-22 06:34:21','2021-08-02 19:05:30'),(73,77,'https://dropbox.net/vk/Quia et.mpeg4',386320,'{\"owner\": \"Bernhard Witting\"}',3,'2020-09-11 18:36:47','2021-08-02 19:05:30'),(74,65,'https://dropbox.net/vk/Fugiat qui ut.png',70999,'{\"owner\": \"Kyler Runolfsson\"}',3,'2020-09-10 11:30:55','2021-08-02 19:06:46'),(75,94,'https://dropbox.net/vk/Beatae autem.png',186035,'{\"owner\": \"Robert Dickinson\"}',1,'2020-09-14 20:15:34','2021-08-02 19:06:46'),(76,73,'https://dropbox.net/vk/Doloribus dicta.mpeg4',707180,'{\"owner\": \"Schuyler O\'Kon\"}',3,'2021-01-05 20:45:45','2021-08-02 19:06:46'),(77,84,'https://dropbox.net/vk/Id aut.mp3',967794,'{\"owner\": \"Jabari O\'Conner\"}',2,'2020-08-26 15:48:51','2021-08-02 19:06:46'),(78,99,'https://dropbox.net/vk/Eos et odit.mp3',707432,'{\"owner\": \"Joe Weber\"}',2,'2021-04-01 17:43:13','2021-08-02 19:04:00'),(79,41,'https://dropbox.net/vk/Repellat accusantium consequatur.mp3',623780,'{\"owner\": \"Lamar Rice\"}',1,'2021-02-27 17:05:11','2021-08-02 19:06:46'),(80,11,'https://dropbox.net/vk/Omnis nisi qui.avi',986604,'{\"owner\": \"Declan Halvorson\"}',2,'2021-04-17 23:31:53','2021-08-02 19:05:30'),(81,29,'https://dropbox.net/vk/Iusto minima.png',51679,'{\"owner\": \"Brady Padberg\"}',2,'2021-05-27 20:04:36','2021-08-02 19:06:46'),(82,14,'https://dropbox.net/vk/Ut atque alias.avi',288585,'{\"owner\": \"Giovani Johns\"}',3,'2021-05-25 09:04:19','2021-08-02 19:06:46'),(83,82,'https://dropbox.net/vk/Atque facere et.mpeg4',277887,'{\"owner\": \"Marquis Renner\"}',3,'2021-04-15 10:34:47','2021-08-02 19:04:00'),(84,68,'https://dropbox.net/vk/Ducimus eos consequuntur.png',513680,'{\"owner\": \"Freeda Von\"}',3,'2021-02-23 18:04:32','2021-08-02 19:06:46'),(85,93,'https://dropbox.net/vk/Est occaecati consequatur.avi',724741,'{\"owner\": \"Jeramie Deckow\"}',2,'2021-02-18 04:42:55','2021-08-02 19:06:46'),(86,61,'https://dropbox.net/vk/Et repellat eveniet.avi',72666,'{\"owner\": \"Elwin Grimes\"}',2,'2020-09-27 16:54:25','2021-08-02 19:04:00'),(87,26,'https://dropbox.net/vk/Fuga deleniti.png',179109,'{\"owner\": \"Tess Little\"}',1,'2021-03-14 10:48:09','2021-08-02 19:06:46'),(88,46,'https://dropbox.net/vk/Laboriosam et id.mpeg4',667545,'{\"owner\": \"Darrel Abshire\"}',3,'2020-09-14 22:42:55','2021-08-02 19:05:30'),(89,52,'https://dropbox.net/vk/Fugiat animi.png',790398,'{\"owner\": \"Clint Rogahn\"}',3,'2020-08-02 14:20:40','2021-08-02 19:06:46'),(90,20,'https://dropbox.net/vk/Autem sunt quia.png',939356,'{\"owner\": \"Florencio Lebsack\"}',1,'2021-05-04 07:57:10','2021-08-02 19:06:46'),(91,46,'https://dropbox.net/vk/Corrupti dolorem.mpeg4',315587,'{\"owner\": \"Darrel Abshire\"}',2,'2020-11-30 11:02:54','2021-08-02 19:06:46'),(92,69,'https://dropbox.net/vk/Dolor ut.avi',749867,'{\"owner\": \"Shyanne Hyatt\"}',3,'2020-10-10 06:09:53','2021-08-02 19:06:46'),(93,4,'https://dropbox.net/vk/Alias sint.mpeg4',792576,'{\"owner\": \"Yadira McLaughlin\"}',3,'2020-10-02 02:11:20','2021-08-02 19:06:46'),(94,14,'https://dropbox.net/vk/Consectetur et.avi',703278,'{\"owner\": \"Giovani Johns\"}',3,'2020-12-12 19:54:19','2021-08-02 19:05:30'),(95,58,'https://dropbox.net/vk/Voluptate aut.png',128662,'{\"owner\": \"Lysanne Johnson\"}',1,'2021-07-08 03:58:31','2021-08-02 19:06:46'),(96,46,'https://dropbox.net/vk/Aperiam sint est.avi',523478,'{\"owner\": \"Darrel Abshire\"}',1,'2021-06-13 03:15:22','2021-08-02 19:05:30'),(97,55,'https://dropbox.net/vk/A voluptas.mpeg4',221403,'{\"owner\": \"Franco Walker\"}',1,'2020-07-29 09:11:58','2021-08-02 19:06:46'),(98,38,'https://dropbox.net/vk/Vel praesentium.mpeg4',526583,'{\"owner\": \"Gudrun Kirlin\"}',3,'2020-08-20 00:48:15','2021-08-02 19:06:46'),(99,24,'https://dropbox.net/vk/Sunt aut.avi',958704,'{\"owner\": \"Yolanda Krajcik\"}',1,'2020-08-17 09:20:06','2021-08-02 19:05:30'),(100,7,'https://dropbox.net/vk/Voluptatem soluta.mpeg4',203774,'{\"owner\": \"Katlyn Purdy\"}',1,'2020-11-17 10:34:48','2021-08-02 19:06:46');
/*!40000 ALTER TABLE `media` ENABLE KEYS */;
UNLOCK TABLES;

--
-- Table structure for table `media_types`
--

DROP TABLE IF EXISTS `media_types`;
/*!40101 SET @saved_cs_client     = @@character_set_client */;
/*!50503 SET character_set_client = utf8mb4 */;
CREATE TABLE `media_types` (
  `id` int unsigned NOT NULL AUTO_INCREMENT COMMENT 'Идентификатор строки',
  `name` varchar(255) CHARACTER SET utf8mb4 COLLATE utf8mb4_unicode_ci NOT NULL COMMENT 'Название типа',
  `created_at` datetime DEFAULT CURRENT_TIMESTAMP COMMENT 'Время создания строки',
  `updated_at` datetime DEFAULT CURRENT_TIMESTAMP ON UPDATE CURRENT_TIMESTAMP COMMENT 'Время обновления строки',
  PRIMARY KEY (`id`),
  UNIQUE KEY `name` (`name`)
) ENGINE=InnoDB AUTO_INCREMENT=4 DEFAULT CHARSET=utf8mb4 COLLATE=utf8mb4_unicode_ci COMMENT='Типы медиафайлов';
/*!40101 SET character_set_client = @saved_cs_client */;

--
-- Dumping data for table `media_types`
--

LOCK TABLES `media_types` WRITE;
/*!40000 ALTER TABLE `media_types` DISABLE KEYS */;
INSERT INTO `media_types` VALUES (1,'photo','2021-08-02 19:06:38','2021-08-02 19:06:38'),(2,'audio','2021-08-02 19:06:38','2021-08-02 19:06:38'),(3,'video','2021-08-02 19:06:38','2021-08-02 19:06:38');
/*!40000 ALTER TABLE `media_types` ENABLE KEYS */;
UNLOCK TABLES;

--
-- Table structure for table `messages`
--

DROP TABLE IF EXISTS `messages`;
/*!40101 SET @saved_cs_client     = @@character_set_client */;
/*!50503 SET character_set_client = utf8mb4 */;
CREATE TABLE `messages` (
  `id` int unsigned NOT NULL AUTO_INCREMENT COMMENT 'Идентификатор строки',
  `from_user_id` int unsigned NOT NULL COMMENT 'Ссылка на отправителя сообщения',
  `to_user_id` int unsigned NOT NULL COMMENT 'Ссылка на получателя сообщения',
  `body` text CHARACTER SET utf8mb4 COLLATE utf8mb4_unicode_ci NOT NULL COMMENT 'Текст сообщения',
  `is_important` tinyint(1) DEFAULT NULL COMMENT 'Признак важности',
  `is_delivered` tinyint(1) DEFAULT NULL COMMENT 'Признак доставки',
  `created_at` datetime DEFAULT CURRENT_TIMESTAMP COMMENT 'Время создания строки',
  PRIMARY KEY (`id`)
) ENGINE=InnoDB AUTO_INCREMENT=51 DEFAULT CHARSET=utf8mb4 COLLATE=utf8mb4_unicode_ci COMMENT='Сообщения';
/*!40101 SET character_set_client = @saved_cs_client */;

--
-- Dumping data for table `messages`
--

LOCK TABLES `messages` WRITE;
/*!40000 ALTER TABLE `messages` DISABLE KEYS */;
INSERT INTO `messages` VALUES (1,69,66,'Eaque assumenda nobis et nam qui ullam et. Facere voluptate et rem veniam. Maiores pariatur cupiditate magni placeat ex et quia laudantium.',1,0,'2017-03-17 12:38:38'),(2,11,63,'Eligendi dignissimos dolorum sed. Ut nihil aut et et nesciunt. Ad et quia et sed in quas molestias rerum. Illo sed nisi cumque voluptatem iure velit quam.',0,0,'2012-03-03 00:13:57'),(3,63,84,'Aut dolores voluptatum quasi itaque eveniet. Est ut consequatur quia. Et eos enim molestiae nostrum aspernatur est ut.',0,0,'2021-04-10 06:28:08'),(4,8,92,'Eligendi dicta et tempore adipisci qui quas. Omnis exercitationem corporis consequatur ut ullam. Animi dolore sed eius in modi dolor.',1,0,'2019-04-11 14:19:29'),(5,6,62,'Qui ut possimus quaerat delectus. Ea ut ea blanditiis autem et alias et. Est a illum magnam enim in exercitationem pariatur animi. Quidem error dolores corrupti commodi hic nemo quam atque.',1,0,'2012-10-10 19:09:41'),(6,45,59,'Voluptates vel enim ea. A ducimus eius quis repellat praesentium. Voluptate quia eligendi qui ducimus explicabo.',1,1,'2015-10-04 13:32:29'),(7,15,14,'Rerum deserunt id eius et doloribus sed. Recusandae laboriosam id ut in. Officiis enim vel illum sed dicta eos.',0,0,'2020-11-17 08:05:35'),(8,16,74,'Est sunt enim enim animi corporis. Iure magni aliquid cumque et ea fuga ipsum. Id fugit et ut molestias. Tenetur nostrum id expedita quas nihil voluptatem doloremque.',1,0,'2016-10-11 14:03:08'),(9,81,64,'Ut nobis dignissimos aut porro omnis earum. Nobis rerum rerum quae iste quod quasi. Qui harum dolores delectus voluptatem hic voluptas vero.',0,1,'2016-03-24 02:34:14'),(10,74,47,'Et necessitatibus facere officia qui voluptatem ut aliquam. Enim odit molestiae quasi non sit dicta temporibus. Occaecati id ea ipsum alias sit facilis quidem. Et pariatur porro temporibus tempore.',1,0,'2013-08-09 13:17:01'),(11,15,65,'Et magnam reprehenderit provident. Est maxime reiciendis possimus et.',0,0,'2013-07-21 03:52:37'),(12,78,51,'Quis debitis ut repellat minus perspiciatis. Labore eum delectus quasi consequuntur non perferendis nam. Dolorem consequatur aliquid deserunt asperiores. Fugit minus vero reiciendis itaque.',1,1,'2018-09-25 08:01:25'),(13,41,39,'Quod asperiores quo dolores earum aut voluptatem. Veritatis eaque deleniti aut quis. Sequi dolores accusamus accusamus laborum ut.',0,1,'2017-10-27 01:39:21'),(14,58,36,'Rem autem quos vitae veritatis distinctio aut officia. Error sint et nam illum ea. Cumque cumque et repudiandae eos. Impedit quibusdam quo adipisci expedita a velit.',1,1,'2018-09-25 02:37:03'),(15,45,72,'Rerum quibusdam velit perferendis aspernatur et temporibus mollitia eligendi. Voluptate ab autem beatae voluptas voluptas accusamus. Et repellendus consequatur commodi vel deleniti. Sint voluptatem ratione dolorem est nihil pariatur.',0,1,'2015-01-05 10:20:33'),(16,17,13,'Veniam exercitationem aliquam facilis culpa sed quia earum. Nemo est eaque ut ratione. Quidem eos molestiae labore est sunt optio. Odit sunt id autem rerum.',0,0,'2018-11-22 14:33:35'),(17,37,28,'Incidunt beatae molestiae est iste et qui. Vitae sunt est aliquam. Velit repellendus molestiae nam aspernatur sapiente iusto.',1,0,'2018-10-08 20:59:16'),(18,75,99,'Nobis vero aut quos tempore est id maxime. Delectus praesentium commodi omnis voluptatem consequatur culpa. Et eveniet qui porro. Nisi unde porro voluptatem sed consequuntur ex eos.',0,0,'2015-09-15 16:46:23'),(19,12,83,'Autem quis facilis reprehenderit odit voluptates incidunt aut. Quidem consequatur maiores eveniet ea non. Sit optio odit exercitationem ex at nostrum consequatur.',0,1,'2021-05-31 02:06:24'),(20,91,17,'Tempore quam ut veritatis ratione adipisci error. Quae laudantium voluptate reprehenderit eum vero. Autem autem eos ut pariatur et autem quia nemo.',0,0,'2014-03-06 14:46:44'),(21,45,36,'Quisquam itaque voluptas excepturi maiores doloribus veniam. Occaecati magni vel repudiandae et sint aut voluptatem.',0,1,'2017-08-14 22:53:47'),(22,76,60,'Explicabo rem laboriosam deserunt sint necessitatibus quis. Culpa officiis est nulla laboriosam. Voluptatem neque quidem omnis reiciendis. Ratione dolorem iusto sed.',0,0,'2012-01-22 00:24:40'),(23,49,91,'Id omnis qui corrupti possimus dolorem. Et neque veniam eum. Non nam voluptatum in et quos ex repellendus. Dolorem dolores quia dolores velit non.',1,0,'2011-08-06 23:17:19'),(24,33,30,'Omnis et porro provident quia excepturi qui autem error. Ut delectus facilis maiores voluptatem voluptas. Est pariatur excepturi porro modi consequatur.',1,1,'2014-05-04 01:20:57'),(25,55,6,'Aut vero quia dolor modi est praesentium omnis error. Similique molestiae recusandae perspiciatis et quisquam beatae. Delectus quo rerum harum ut provident ratione. Fugit similique est ipsa consequatur nam quaerat qui.',1,1,'2018-07-11 00:09:57'),(26,76,69,'Impedit explicabo iusto in atque. Doloribus accusantium reprehenderit eum est minima omnis. Cum tenetur vel voluptatem illo magnam nulla ullam.',1,0,'2012-12-26 23:18:12'),(27,71,54,'Cupiditate libero quod aliquid adipisci aut consequatur. Voluptates optio illo sit occaecati. Vel unde labore ipsum earum veritatis.',1,0,'2019-01-19 15:17:28'),(28,20,11,'A saepe voluptate eos ut illo non ullam. Inventore laudantium est et. Quod est deserunt possimus rerum eligendi voluptates. In quod nesciunt accusantium laboriosam deleniti nam. Omnis eos ad culpa dolorem voluptas voluptas omnis.',1,0,'2020-04-20 02:25:16'),(29,92,78,'Laborum sunt voluptatum delectus labore minima consequuntur. Explicabo qui inventore porro hic. Quidem aut et expedita. Debitis unde dolorum quaerat magnam tempora.',0,0,'2014-06-06 23:01:53'),(30,47,36,'Laborum dolorem eos tempore earum et. At eligendi nostrum nostrum exercitationem voluptatum. Distinctio eos quia veniam. Possimus velit perferendis est illum veritatis. Sit velit dolorem quidem aspernatur.',0,0,'2012-07-16 19:09:26'),(31,49,64,'Pariatur dolore laboriosam eos reprehenderit. Ut atque animi fuga quae. Est fugit suscipit consequatur perferendis. Voluptatibus quidem possimus modi rerum.',1,1,'2015-05-11 14:20:30'),(32,49,85,'Reiciendis illum voluptas aut quidem nam autem quo. Optio at quo omnis. Aut maxime nihil occaecati dolore ut est culpa. Est ad sapiente architecto est ut sed rerum tenetur.',0,0,'2018-05-28 01:26:45'),(33,91,24,'Ullam quas sint minus ratione sit. Perferendis et optio consequuntur dolorem quod sed nulla ut.',1,0,'2013-07-18 18:01:15'),(34,84,2,'Non accusamus voluptatem eaque ut et nam. Quis mollitia voluptatem ut cum sunt minima est. Sed optio magni neque enim ipsam.',0,0,'2013-09-11 07:12:26'),(35,6,75,'Omnis nulla facilis doloremque accusantium nemo voluptatem. Delectus provident molestiae explicabo. Et reiciendis recusandae officiis harum. Qui possimus deserunt ipsam dicta.',0,1,'2016-01-15 23:17:49'),(36,19,50,'Est ut illum et omnis deleniti. Similique velit quibusdam aut qui quod. Beatae a magni consequatur et ab. Debitis exercitationem optio explicabo temporibus voluptatem.',1,1,'2015-02-02 14:49:48'),(37,10,95,'In velit dolorem aspernatur et nobis dolor eos. Quibusdam fuga facilis expedita praesentium magni.',0,0,'2014-12-23 00:26:41'),(38,10,59,'Voluptatibus velit eum ipsum assumenda et sed consectetur. Non alias totam ea est. Qui eum similique assumenda ut et dolor labore. Quasi et mollitia ut magnam.',0,0,'2013-07-10 04:22:18'),(39,86,42,'Ipsum suscipit quia atque est et. Rerum doloremque eos minima veritatis voluptas fuga doloremque aperiam. Distinctio voluptas itaque nulla quia sit eos velit. Dolore autem sint consequatur vel molestias.',0,1,'2015-02-05 10:11:52'),(40,88,40,'Reprehenderit autem voluptatem odit aperiam dolorem. Qui fugiat aliquid quam est. Exercitationem omnis fugiat est sit hic maiores. Ad voluptas eos sapiente odio.',0,1,'2019-05-23 23:29:37'),(41,48,64,'Soluta minima doloremque consequatur dolor. Nisi expedita dignissimos veritatis atque error veritatis. Magnam sequi ea odio perferendis.',1,0,'2013-12-22 21:13:51'),(42,9,19,'Autem ipsam esse illo voluptas. Dolor aut ea accusantium consequuntur quasi maiores. Consequatur quos consequuntur tenetur. Ullam quibusdam architecto architecto necessitatibus.',1,0,'2014-07-09 11:30:58'),(43,17,28,'Temporibus pariatur consequatur rem hic ut et. Quis non beatae illum ut. Velit non est sint soluta. Repudiandae provident id ut possimus.',0,1,'2020-06-16 12:01:20'),(44,30,9,'Doloribus omnis repellendus aut labore est iusto. Soluta repudiandae et vero laboriosam dolor hic. Et nihil officiis consequuntur odio. Qui in voluptatem in exercitationem ea officiis. Eius eos alias maiores ducimus blanditiis hic libero.',0,1,'2011-09-05 17:47:46'),(45,5,76,'Laudantium architecto deleniti esse voluptatem molestias. Dignissimos assumenda voluptas veniam qui dolores iste aperiam. Ipsam qui magnam mollitia error.',1,1,'2016-02-19 17:13:36'),(46,45,53,'Aut qui sunt temporibus eos quia omnis vel. Nam fuga eveniet qui. Magnam soluta magnam aspernatur molestias nemo nobis. Quis sint nesciunt modi deserunt ipsa qui dolores.',0,1,'2015-06-30 03:20:45'),(47,40,93,'Accusamus et nam odit dignissimos expedita non laudantium. Vel autem quod id inventore non sint quis. Illo eum et voluptatum.',1,1,'2012-02-29 13:32:18'),(48,38,31,'Et in quia id assumenda quis et amet modi. Sequi explicabo velit in quas blanditiis quas laudantium. Optio expedita fugiat dolorem dolorem dolore. Laborum ullam quibusdam soluta distinctio quod rem explicabo.',0,0,'2013-07-17 05:39:29'),(49,16,22,'Eaque ducimus voluptas explicabo enim repellat qui velit. Deleniti accusamus est ut. Provident perspiciatis praesentium qui quam et. Sit voluptas odio labore tempora.',0,0,'2013-03-26 08:18:41'),(50,32,22,'Qui et rerum optio placeat velit voluptas mollitia. Laudantium esse quia aut voluptas minima quaerat.',0,1,'2014-08-09 00:48:33');
/*!40000 ALTER TABLE `messages` ENABLE KEYS */;
UNLOCK TABLES;

--
-- Table structure for table `profiles`
--

DROP TABLE IF EXISTS `profiles`;
/*!40101 SET @saved_cs_client     = @@character_set_client */;
/*!50503 SET character_set_client = utf8mb4 */;
CREATE TABLE `profiles` (
  `user_id` int unsigned NOT NULL COMMENT 'Ссылка на пользователя',
  `gender` enum('m','f') COLLATE utf8mb4_unicode_ci DEFAULT NULL,
  `birthday` date DEFAULT NULL COMMENT 'Дата рождения',
  `city_id` int unsigned DEFAULT NULL COMMENT 'Ссылка на город проживания',
  `created_at` datetime DEFAULT CURRENT_TIMESTAMP COMMENT 'Время создания строки',
  `updated_at` datetime DEFAULT CURRENT_TIMESTAMP ON UPDATE CURRENT_TIMESTAMP COMMENT 'Время обновления строки',
  PRIMARY KEY (`user_id`)
) ENGINE=InnoDB DEFAULT CHARSET=utf8mb4 COLLATE=utf8mb4_unicode_ci COMMENT='Профили';
/*!40101 SET character_set_client = @saved_cs_client */;

--
-- Dumping data for table `profiles`
--

LOCK TABLES `profiles` WRITE;
/*!40000 ALTER TABLE `profiles` DISABLE KEYS */;
INSERT INTO `profiles` VALUES (1,'f','2009-03-27',8,'1998-03-21 22:00:55','2021-08-02 18:39:14'),(2,'m','1986-08-22',2,'2009-01-31 07:58:53','2021-08-02 18:39:14'),(3,'m','1975-12-16',8,'2002-07-15 04:09:43','2021-08-02 18:39:14'),(4,'m','2006-09-24',12,'1996-04-15 21:35:27','2021-08-02 18:39:14'),(5,'m','1992-05-17',18,'1996-09-02 06:16:02','2021-08-02 18:39:14'),(6,'m','1990-09-27',11,'1970-06-25 05:09:57','2021-08-02 18:39:14'),(7,'m','2002-08-28',3,'2013-12-23 05:54:06','2021-08-02 18:39:14'),(8,'f','1999-12-01',20,'1978-01-11 13:52:31','2021-08-02 18:39:14'),(9,'m','1987-05-12',9,'2014-10-22 22:50:12','2021-08-02 18:39:14'),(10,'f','1972-09-20',7,'1974-01-19 16:30:08','2021-08-02 18:39:14'),(11,'m','2002-01-22',7,'1989-02-12 19:22:36','2021-08-02 18:39:14'),(12,'f','1992-01-10',14,'1985-12-30 04:25:20','2021-08-02 18:39:14'),(13,'m','1970-02-02',7,'1998-09-21 17:03:18','2021-08-02 18:39:14'),(14,'m','1998-12-22',15,'1999-08-22 13:36:15','2021-08-02 18:39:14'),(15,'f','2007-05-04',13,'1981-12-23 12:06:25','2021-08-02 18:39:14'),(16,'m','2019-02-21',19,'1981-11-30 02:06:48','2021-08-02 18:39:14'),(17,'f','1988-12-15',15,'1993-09-09 16:00:48','2021-08-02 18:39:14'),(18,'m','2013-05-17',19,'2008-07-27 13:11:41','2021-08-02 18:39:14'),(19,'f','1990-12-12',7,'2020-06-10 20:16:21','2021-08-01 21:17:33'),(20,'f','2005-08-18',19,'2014-05-21 13:46:49','2021-08-02 18:39:14'),(21,'m','1979-04-11',15,'2008-09-03 15:07:47','2021-08-02 18:39:14'),(22,'f','2015-03-17',17,'2003-05-07 11:03:23','2021-08-02 18:39:14'),(23,'m','1998-07-28',19,'2011-10-08 18:45:08','2021-08-02 18:39:14'),(24,'m','2004-05-01',3,'2016-09-14 11:58:20','2021-08-02 18:39:14'),(25,'f','1990-05-18',20,'1998-05-02 07:28:12','2021-08-02 18:39:14'),(26,'m','2019-05-27',9,'1970-11-09 08:09:04','2021-08-02 18:39:14'),(27,'m','2003-12-25',3,'1982-01-25 11:01:44','2021-08-02 18:39:14'),(28,'f','2009-06-15',8,'1993-01-24 06:45:10','2021-08-02 18:39:14'),(29,'f','1997-08-07',10,'2004-02-01 18:36:11','2021-08-02 18:39:14'),(30,'m','1991-10-18',8,'2020-08-13 09:26:40','2021-08-02 18:39:14'),(31,'m','1991-06-08',7,'1972-11-01 03:54:39','2021-08-02 18:39:14'),(32,'m','1971-04-26',10,'2020-02-21 01:54:27','2021-08-02 18:39:14'),(33,'m','2011-04-15',11,'2011-06-12 13:42:54','2021-08-02 18:39:14'),(34,'f','2001-03-16',1,'2002-12-08 11:17:20','2021-08-02 18:39:14'),(35,'m','2016-03-19',15,'2007-11-09 09:12:40','2021-08-02 18:39:14'),(36,'f','2016-06-07',12,'1986-09-25 08:37:51','2021-08-02 18:39:14'),(37,'m','2021-05-01',12,'2020-07-09 05:07:24','2021-08-02 18:39:14'),(38,'m','1976-08-02',3,'2021-04-17 17:36:18','2021-08-02 18:39:14'),(39,'m','1987-04-10',19,'1985-03-18 10:06:11','2021-08-02 18:39:14'),(40,'f','2012-04-28',6,'1992-06-02 11:19:12','2021-08-02 18:39:14'),(41,'f','2008-08-26',11,'2010-06-15 02:34:17','2021-08-02 18:39:14'),(42,'f','2021-04-22',18,'1973-10-23 18:09:26','2021-08-02 18:39:14'),(43,'f','1991-08-08',17,'2008-02-26 01:39:01','2021-08-02 18:39:14'),(44,'f','1986-07-25',11,'2008-01-03 17:45:35','2021-08-02 18:39:14'),(45,'f','2012-06-29',3,'1998-06-04 14:45:42','2021-08-02 18:39:14'),(46,'m','1974-10-12',20,'1986-03-03 22:51:27','2021-08-02 18:39:14'),(47,'f','1991-02-18',10,'2008-12-13 22:44:31','2021-08-02 18:39:14'),(48,'m','2021-04-22',9,'1994-11-20 05:41:49','2021-08-02 18:39:14'),(49,'f','2011-10-29',14,'1983-11-01 10:09:39','2021-08-02 18:39:14'),(50,'m','1977-08-15',2,'1999-01-24 22:02:59','2021-08-02 18:39:14'),(51,'f','1999-07-10',10,'1988-04-18 05:47:06','2021-08-02 18:39:14'),(52,'m','2013-03-02',1,'2015-07-17 14:55:16','2021-08-02 18:39:14'),(53,'m','1976-04-09',17,'1989-05-05 06:01:07','2021-08-02 18:39:14'),(54,'m','2018-06-24',20,'1997-12-14 13:11:31','2021-08-02 18:39:14'),(55,'f','1979-07-21',7,'1994-06-11 11:22:23','2021-08-02 18:39:14'),(56,'m','1980-03-05',16,'1999-05-27 02:24:24','2021-08-02 18:39:14'),(57,'f','1982-03-15',18,'1978-11-30 07:21:18','2021-08-02 18:39:14'),(58,'m','2011-01-28',1,'1970-11-29 19:39:04','2021-08-02 18:39:14'),(59,'f','1994-08-05',11,'1989-10-21 07:08:16','2021-08-02 18:39:14'),(60,'m','2008-06-08',12,'2007-09-23 20:36:10','2021-08-02 18:39:14'),(61,'f','1975-05-02',5,'1988-08-18 09:16:48','2021-08-02 18:39:14'),(62,'f','1971-06-28',11,'2003-05-30 03:15:59','2021-08-02 18:39:14'),(63,'f','1995-10-13',18,'1995-11-20 06:02:38','2021-08-02 18:39:14'),(64,'m','2004-10-23',15,'2004-04-11 15:11:05','2021-08-02 18:39:14'),(65,'f','2019-12-04',3,'1994-11-02 18:40:08','2021-08-02 18:39:14'),(66,'m','2011-11-24',11,'1990-10-12 18:14:10','2021-08-02 18:39:14'),(67,'f','1971-12-31',3,'1991-01-01 10:54:25','2021-08-02 18:39:14'),(68,'f','1988-08-01',20,'1971-08-16 20:43:44','2021-08-02 18:39:14'),(69,'f','1987-05-15',14,'2005-01-28 19:26:12','2021-08-02 18:39:14'),(70,'m','2005-01-14',6,'1993-03-16 05:28:25','2021-08-02 18:39:14'),(71,'m','1976-05-11',9,'2007-06-18 17:25:56','2021-08-02 18:39:14'),(72,'m','2003-03-03',6,'1973-05-18 17:08:19','2021-08-02 18:39:14'),(73,'m','1993-08-30',2,'2008-02-08 18:24:41','2021-08-02 18:39:14'),(74,'f','1999-06-04',14,'2001-07-19 03:55:31','2021-08-02 18:39:14'),(75,'f','1972-04-29',1,'2008-01-29 22:32:24','2021-08-02 18:39:14'),(76,'m','1988-12-15',4,'1973-06-15 00:05:38','2021-08-01 21:17:33'),(77,'f','2009-01-28',17,'1992-04-03 13:34:11','2021-08-02 18:39:14'),(78,'f','1991-02-05',13,'1998-07-25 06:40:30','2021-08-02 18:39:14'),(79,'f','2012-02-10',13,'1993-10-12 22:57:45','2021-08-02 18:39:14'),(80,'m','1990-06-28',7,'2006-12-31 07:49:47','2021-08-02 18:39:14'),(81,'f','1978-05-15',13,'2011-09-21 02:52:53','2021-08-02 18:39:14'),(82,'f','2009-05-07',6,'1982-04-13 02:55:27','2021-08-02 18:39:14'),(83,'m','2008-08-22',8,'2009-10-21 09:11:03','2021-08-02 18:39:14'),(84,'f','2005-09-04',2,'1976-11-20 11:34:48','2021-08-02 18:39:14'),(85,'m','2008-11-10',7,'1984-06-23 20:41:57','2021-08-02 18:39:14'),(86,'m','1986-06-07',8,'1980-09-18 11:35:14','2021-08-02 18:39:14'),(87,'f','2001-01-16',20,'1999-09-20 17:44:19','2021-08-02 18:39:14'),(88,'f','1995-04-15',15,'1980-04-04 17:15:29','2021-08-02 18:39:14'),(89,'m','2005-10-12',15,'1983-07-16 23:53:29','2021-08-02 18:39:14'),(90,'m','2000-10-12',9,'2014-08-31 16:11:19','2021-08-02 18:39:14'),(91,'m','1987-09-11',1,'1988-12-04 02:18:51','2021-08-02 18:39:14'),(92,'f','2001-10-13',15,'1989-02-07 23:25:33','2021-08-02 18:39:14'),(93,'f','1980-09-10',14,'1994-04-11 18:59:58','2021-08-02 18:39:14'),(94,'m','2005-08-25',4,'1993-06-30 20:25:51','2021-08-02 18:39:14'),(95,'m','1993-04-15',16,'1981-12-07 03:13:55','2021-08-02 18:39:14'),(96,'f','1972-10-04',10,'1990-08-24 21:24:31','2021-08-02 18:39:14'),(97,'f','2003-03-15',1,'1974-01-07 14:58:46','2021-08-02 18:39:14'),(98,'f','1986-01-14',14,'2014-02-20 02:56:15','2021-08-02 18:39:14'),(99,'m','1993-02-19',6,'1981-06-05 22:43:11','2021-08-02 18:39:14'),(100,'f','2004-10-23',7,'1991-11-21 08:30:33','2021-08-02 18:39:14');
/*!40000 ALTER TABLE `profiles` ENABLE KEYS */;
UNLOCK TABLES;

--
-- Table structure for table `users`
--

DROP TABLE IF EXISTS `users`;
/*!40101 SET @saved_cs_client     = @@character_set_client */;
/*!50503 SET character_set_client = utf8mb4 */;
CREATE TABLE `users` (
  `id` int unsigned NOT NULL AUTO_INCREMENT COMMENT 'Идентификатор строки',
  `first_name` varchar(100) CHARACTER SET utf8mb4 COLLATE utf8mb4_unicode_ci NOT NULL COMMENT 'Имя пользователя',
  `last_name` varchar(100) CHARACTER SET utf8mb4 COLLATE utf8mb4_unicode_ci NOT NULL COMMENT 'Фамилия пользователя',
  `email` varchar(100) CHARACTER SET utf8mb4 COLLATE utf8mb4_unicode_ci NOT NULL COMMENT 'Почта',
  `phone` varchar(100) CHARACTER SET utf8mb4 COLLATE utf8mb4_unicode_ci NOT NULL COMMENT 'Телефон',
  `created_at` datetime DEFAULT CURRENT_TIMESTAMP COMMENT 'Время создания строки',
  `updated_at` datetime DEFAULT CURRENT_TIMESTAMP ON UPDATE CURRENT_TIMESTAMP COMMENT 'Время обновления строки',
  PRIMARY KEY (`id`),
  UNIQUE KEY `email` (`email`),
  UNIQUE KEY `phone` (`phone`)
) ENGINE=InnoDB AUTO_INCREMENT=101 DEFAULT CHARSET=utf8mb4 COLLATE=utf8mb4_unicode_ci COMMENT='Пользователи';
/*!40101 SET character_set_client = @saved_cs_client */;

--
-- Dumping data for table `users`
--

LOCK TABLES `users` WRITE;
/*!40000 ALTER TABLE `users` DISABLE KEYS */;
INSERT INTO `users` VALUES (1,'Lorenz','Jakubowski','qprohaska@example.org','689.882.1867','2012-05-29 05:58:12','2018-07-26 16:16:40'),(2,'Marie','Stiedemann','pdickinson@example.com','961-306-4280x5424','2020-02-02 22:39:35','2020-10-10 16:19:52'),(3,'Keegan','Lang','olaf95@example.net','00494921879','2021-05-17 07:41:26','2021-08-01 21:12:14'),(4,'Yadira','McLaughlin','nfritsch@example.com','1-153-145-5742','2016-03-02 21:55:34','2020-10-10 17:05:17'),(5,'Jazlyn','Farrell','timmothy.breitenberg@example.com','1-712-162-4056x154','2020-06-26 04:04:08','2021-07-03 23:13:38'),(6,'Lewis','Farrell','denesik.gianni@example.net','489.081.4574x4193','2013-09-26 18:28:29','2021-08-01 21:12:14'),(7,'Katlyn','Purdy','lisa06@example.com','492.623.8263x109','2015-01-11 01:09:44','2017-02-05 03:36:14'),(8,'Connor','Auer','dorian.dicki@example.org','(174)418-3973x7987','2013-06-26 11:48:13','2021-04-10 14:53:19'),(9,'Lukas','Blanda','wunsch.bernadette@example.net','005-961-2087','2018-07-04 12:58:28','2021-08-01 21:12:14'),(10,'Beulah','Lebsack','mary08@example.org','07909219622','2016-07-13 10:34:23','2021-08-01 21:12:14'),(11,'Declan','Halvorson','druecker@example.org','01107505567','2019-08-27 21:42:51','2021-03-21 12:41:31'),(12,'Titus','Beer','parisian.nasir@example.org','511.220.3737','2019-10-26 01:44:46','2021-08-01 21:12:14'),(13,'Rudolph','White','pauline22@example.org','1-798-917-2561x09239','2015-08-08 05:53:33','2021-08-01 21:12:14'),(14,'Giovani','Johns','baumbach.harley@example.com','1-460-894-1911','2015-07-06 06:06:24','2021-08-01 21:12:14'),(15,'Akeem','Collins','rolfson.virginia@example.org','005-641-2302x945','2019-10-16 20:41:39','2021-08-01 21:12:14'),(16,'Alexa','Kub','kenyatta.rogahn@example.org','726-773-4550x8903','2017-06-08 01:04:30','2018-08-18 09:34:54'),(17,'Wyatt','Miller','gusikowski.brenda@example.org','769.621.4765x7040','2020-05-08 17:51:00','2021-08-01 21:12:14'),(18,'Cristopher','Prohaska','caroline.feest@example.net','1-129-451-9894','2019-02-21 09:26:54','2021-08-01 21:12:14'),(19,'Maia','Weber','vmedhurst@example.com','(384)838-8303x106','2014-04-24 01:25:00','2018-03-19 12:05:36'),(20,'Florencio','Lebsack','cparker@example.net','802-481-9800x5832','2021-02-16 16:11:08','2021-08-01 21:12:14'),(21,'Edward','Armstrong','vsauer@example.org','785-961-4427x9718','2018-05-06 16:52:28','2021-08-01 21:12:14'),(22,'Jacinthe','Beatty','qzulauf@example.net','(839)837-1243x65239','2011-11-24 17:04:45','2019-04-14 20:57:44'),(23,'Gregg','Pouros','cayla.kshlerin@example.net','1-525-433-2841x846','2016-11-22 13:49:29','2021-08-01 21:12:14'),(24,'Yolanda','Krajcik','ishields@example.net','07793280035','2019-11-06 21:36:27','2021-08-01 21:12:14'),(25,'Kenya','Weimann','wbailey@example.net','(614)949-6866','2018-10-14 17:18:21','2021-08-01 21:12:14'),(26,'Tess','Little','hhowell@example.net','930-130-7327x499','2015-12-07 20:01:46','2021-08-01 21:12:14'),(27,'Joany','Kertzmann','torphy.callie@example.org','+49(4)2067197259','2016-11-22 15:00:00','2017-06-15 02:09:35'),(28,'Josiah','Walsh','elton.ruecker@example.net','359-285-0083x0246','2013-12-05 15:19:41','2018-02-13 20:13:14'),(29,'Brady','Padberg','jmetz@example.net','(686)588-6245','2017-02-21 22:39:24','2021-08-01 21:12:14'),(30,'Annamarie','Fay','aondricka@example.net','057.071.7740x953','2016-06-07 13:29:48','2017-11-24 21:00:04'),(31,'Trinity','Batz','ericka.prosacco@example.org','02681705934','2020-07-09 01:02:51','2021-03-03 08:29:00'),(32,'Emile','Kovacek','bahringer.carmine@example.org','965.768.3291x6272','2020-12-08 23:13:39','2021-08-01 21:12:14'),(33,'Rod','Mills','carlo.hoppe@example.net','+11(1)2058109959','2020-01-27 06:42:34','2020-06-22 14:55:58'),(34,'Emanuel','Schimmel','darion.rippin@example.net','04084912675','2015-08-24 21:39:23','2019-08-04 06:05:00'),(35,'General','Herman','roxane50@example.com','606-002-6664','2011-11-08 12:14:28','2012-06-13 13:39:23'),(36,'Myriam','Gorczany','haylee.bogisich@example.com','317-936-0269x6923','2012-02-27 16:04:32','2015-12-03 03:08:05'),(37,'Lyla','Greenholt','dovie49@example.net','+32(7)8804245499','2013-12-26 14:45:57','2018-06-28 20:43:24'),(38,'Gudrun','Kirlin','beatty.florida@example.net','1-885-952-9684','2014-08-31 13:31:22','2020-12-24 15:12:12'),(39,'Chase','Kunze','sernser@example.net','1-095-976-5214','2016-08-31 06:08:34','2021-08-01 21:12:14'),(40,'Keeley','Vandervort','ernser.arlie@example.org','(928)494-6913x614','2013-04-11 14:07:04','2018-04-21 12:05:25'),(41,'Lamar','Rice','foster30@example.com','(276)407-4792x306','2020-12-10 16:34:25','2021-08-01 21:12:14'),(42,'Patience','Maggio','dagmar.hammes@example.net','1-811-568-9593','2016-05-22 00:04:48','2021-08-01 21:12:14'),(43,'Elenor','Okuneva','geraldine85@example.net','160-364-0955x47891','2014-02-15 08:23:22','2020-08-23 01:01:45'),(44,'Susan','Dickens','bertram66@example.org','942-084-9518','2021-03-31 10:21:59','2021-08-01 21:12:14'),(45,'Kris','Eichmann','tessie42@example.com','022.258.5117','2020-10-05 20:45:45','2021-08-01 21:12:14'),(46,'Darrel','Abshire','kschuppe@example.org','06631395605','2013-10-31 13:00:48','2015-11-08 04:47:45'),(47,'Garett','Kohler','laverna59@example.com','307-347-1676','2017-03-11 04:17:55','2021-08-01 21:12:14'),(48,'Devin','Reinger','weissnat.bernice@example.org','+00(7)4994339705','2019-11-10 05:45:46','2021-08-01 21:12:14'),(49,'Shawn','Stoltenberg','winnifred.senger@example.net','1-120-986-8616x388','2013-11-06 15:19:20','2021-08-01 21:12:14'),(50,'Christa','Nikolaus','ustehr@example.net','712-545-5083','2014-07-01 00:50:27','2014-09-21 14:20:41'),(51,'Jimmy','Harber','nolan91@example.org','1-462-804-7550','2015-12-17 10:14:30','2017-02-26 07:09:56'),(52,'Clint','Rogahn','katelynn.langworth@example.net','091.162.3793','2012-02-12 11:44:30','2018-09-13 03:18:04'),(53,'Tiana','Toy','mraz.brannon@example.com','+91(7)1367554906','2011-12-30 19:23:02','2020-08-16 01:23:44'),(54,'Ernestina','Harvey','rachel97@example.net','06945026457','2020-05-24 22:09:08','2021-08-01 21:12:14'),(55,'Franco','Walker','loy72@example.org','(497)371-7628x209','2020-08-16 23:54:44','2021-08-01 21:12:14'),(56,'Etha','Wisozk','flegros@example.net','(162)489-3534x298','2014-03-02 11:17:02','2014-12-08 16:00:34'),(57,'Shawn','Welch','mathilde.turcotte@example.net','192.052.9943x71290','2017-03-01 03:39:04','2021-08-01 21:12:14'),(58,'Lysanne','Johnson','lori.stark@example.com','997.559.6076x979','2018-02-02 16:37:15','2019-06-10 07:46:46'),(59,'Xzavier','Kuhn','esperanza.lebsack@example.net','1-044-374-5746x2394','2014-11-29 22:00:42','2021-08-01 21:12:14'),(60,'Hulda','Hayes','russel.krystina@example.com','474.980.6739x760','2019-08-21 01:19:11','2021-08-01 21:12:14'),(61,'Elwin','Grimes','delaney75@example.org','+19(6)5453340564','2011-12-10 00:25:49','2016-02-04 02:10:20'),(62,'Carolina','Luettgen','rosario.rodriguez@example.net','(055)926-8663x595','2013-01-12 16:03:55','2021-08-01 21:12:14'),(63,'Geovany','Littel','chauncey.abshire@example.org','1-745-423-0091x848','2016-01-23 15:41:45','2016-04-18 03:12:04'),(64,'Laurie','Hartmann','karlee.gorczany@example.net','07194918960','2019-04-01 12:06:40','2021-08-01 21:12:14'),(65,'Kyler','Runolfsson','igrady@example.com','724.455.3327x0239','2012-12-14 14:28:22','2021-08-01 21:12:14'),(66,'Eva','Nolan','edythe78@example.net','(550)395-3954x89592','2018-09-04 18:23:07','2021-08-01 21:12:14'),(67,'Paula','Cartwright','ogibson@example.net','321-337-2295x89185','2021-05-05 12:39:13','2021-08-01 21:12:14'),(68,'Freeda','Von','emelia.thiel@example.com','399.728.7725x4992','2012-07-31 21:13:43','2021-08-01 21:12:14'),(69,'Shyanne','Hyatt','ygorczany@example.org','1-702-815-7891x34941','2015-08-17 05:18:49','2021-08-01 21:12:14'),(70,'Charley','Waters','vmiller@example.org','1-802-066-8614','2019-02-27 11:12:06','2021-08-01 21:12:14'),(71,'Gregorio','Anderson','trent.weimann@example.net','1-726-104-6766x28344','2013-05-25 21:58:31','2013-09-27 00:06:59'),(72,'Russell','Becker','sam77@example.net','423-963-8728','2014-06-10 22:13:13','2021-03-25 01:59:55'),(73,'Schuyler','O\'Kon','martine14@example.net','09751068305','2015-11-16 15:27:03','2016-08-10 23:43:59'),(74,'Rosina','Gutkowski','xzavier.keeling@example.net','(640)157-0190x294','2013-01-14 10:36:14','2021-08-01 21:12:14'),(75,'Daphnee','Schaden','pink21@example.com','+39(7)6162575357','2018-01-31 12:10:21','2021-08-01 21:12:14'),(76,'Giovanna','Considine','daniela.stroman@example.net','172-397-6563','2021-03-27 06:46:07','2021-08-01 21:12:14'),(77,'Bernhard','Witting','russ.hand@example.net','+99(4)3863799653','2012-06-03 11:19:00','2020-01-20 11:13:06'),(78,'Efren','Waelchi','laurine11@example.net','1-582-629-6470x751','2015-07-17 06:37:52','2021-07-19 05:54:00'),(79,'Reanna','Tromp','hagenes.cheyenne@example.net','(043)000-7889x856','2018-12-09 20:23:54','2021-08-01 21:12:14'),(80,'Sasha','Ryan','maryse73@example.org','528-778-3093','2019-08-10 02:44:14','2021-08-01 21:12:14'),(81,'Morgan','Kilback','mgorczany@example.org','396.356.5582x803','2020-08-08 17:45:18','2021-08-01 21:12:14'),(82,'Marquis','Renner','libby49@example.org','1-973-847-4271x54507','2015-05-28 03:22:49','2021-08-01 21:12:14'),(83,'Jeffery','Connelly','hassan80@example.net','1-775-190-2546','2018-06-08 18:28:56','2020-02-13 12:36:55'),(84,'Jabari','O\'Conner','kemmer.nyah@example.net','(309)369-2139','2017-03-23 05:33:22','2021-08-01 21:12:14'),(85,'Karley','Russel','blanda.liliana@example.org','147.454.3626x891','2013-03-13 12:34:21','2020-05-07 14:03:20'),(86,'Skye','Hintz','kendrick02@example.net','1-012-413-6442x73792','2020-09-05 14:56:26','2021-08-01 21:12:14'),(87,'Ona','Mraz','kthompson@example.com','1-620-992-9999x04750','2012-10-29 20:29:50','2013-12-30 07:40:48'),(88,'Mortimer','Sporer','alessia.turcotte@example.com','1-049-364-9436x59484','2019-05-10 14:37:38','2020-07-11 20:20:31'),(89,'Randall','Flatley','gottlieb.isabel@example.org','1-227-523-2823x5322','2015-09-25 09:23:20','2021-08-01 21:12:14'),(90,'Beverly','Aufderhar','mia.haley@example.com','(313)980-7419','2014-08-16 15:24:57','2018-06-22 19:10:03'),(91,'Karson','Hagenes','zcarroll@example.net','734.237.6753','2013-04-27 10:35:50','2021-08-01 21:12:14'),(92,'Cordia','Treutel','goyette.abbigail@example.org','299.329.0250x76980','2019-11-18 13:02:37','2021-08-01 21:12:14'),(93,'Jeramie','Deckow','gabrielle95@example.org','711.744.5026','2020-12-05 17:54:44','2021-08-01 21:12:14'),(94,'Robert','Dickinson','lou.ledner@example.net','(623)806-3914x492','2013-01-06 17:55:25','2021-08-01 21:12:14'),(95,'Tatyana','Leuschke','elwyn.leffler@example.net','028.661.3815','2019-05-30 11:43:15','2021-08-01 21:12:14'),(96,'Melvina','Nicolas','vprohaska@example.org','(873)344-5964x33999','2019-02-10 06:29:36','2019-08-26 13:34:58'),(97,'Angus','Sawayn','zachariah94@example.net','1-996-124-6286x82407','2015-12-30 15:46:27','2018-06-02 01:29:02'),(98,'Iliana','Spinka','ahowe@example.org','(838)386-5794x651','2014-08-30 14:32:26','2019-07-26 23:45:59'),(99,'Joe','Weber','marco.boyer@example.net','322.992.2607','2021-04-21 12:36:16','2021-08-01 21:12:14'),(100,'Yasmine','Batz','macy10@example.net','(987)503-2074','2017-09-07 19:30:50','2019-01-04 15:21:47');
/*!40000 ALTER TABLE `users` ENABLE KEYS */;
UNLOCK TABLES;
/*!40103 SET TIME_ZONE=@OLD_TIME_ZONE */;

/*!40101 SET SQL_MODE=@OLD_SQL_MODE */;
/*!40014 SET FOREIGN_KEY_CHECKS=@OLD_FOREIGN_KEY_CHECKS */;
/*!40014 SET UNIQUE_CHECKS=@OLD_UNIQUE_CHECKS */;
/*!40101 SET CHARACTER_SET_CLIENT=@OLD_CHARACTER_SET_CLIENT */;
/*!40101 SET CHARACTER_SET_RESULTS=@OLD_CHARACTER_SET_RESULTS */;
/*!40101 SET COLLATION_CONNECTION=@OLD_COLLATION_CONNECTION */;
/*!40111 SET SQL_NOTES=@OLD_SQL_NOTES */;

-- Dump completed on 2021-08-02 19:20:57
